"","Quantiseq_B.cells","Quantiseq_Macrophages.M1","Quantiseq_Macrophages.M2","Quantiseq_Monocytes","Quantiseq_Neutrophils","Quantiseq_NK.cells","Quantiseq_T.cells.non.regulatory","Quantiseq_CD8.cells","Quantiseq_T.cells.regulatory","Quantiseq_Dendritic.cells","Quantiseq_uncharacterized_cell"
"SAM7f0d9cc7f001",0.0502109876607111,0.0242619666770981,0.04255419434694,0,0.16895713456508,0.0234024398285748,0.0107080406767608,0.00459585888944252,0.0306341266272337,0,0.644675250728159
"SAM4305ab968b90",0.00860392894906503,0,0.0235417119395243,0,0.101526067971334,0.00945530425166237,0,0,0.000552479941759361,0,0.856320506946655
"SAMcf018fee2acd",0.0428576076854948,0,0.0987076719983699,0,0.141119574184157,0.0143432714682216,0,0.000454475500468901,0.0207888231394818,0,0.681728576023806
"SAMcc4675f394a1",0.0252164393817904,0.00584982577039157,0.033669047278949,0,0.0991749913967225,0.0222118864653638,0,0,0.00317939135656514,0,0.810698418350218
"SAM49f9b2e57aa5",0.0226689578304346,0,0.0129239993810651,0,0.127357535960503,0.00800140575818173,0,0,0.00690470725716448,0,0.822143393812651
"SAM2e7aa8fa0ab3",0.012022509813882,0,0.0178134783985179,0,0.361187502786615,0.00423237858233491,0,0.000672259963510146,0.00358311301107823,0,0.600488757444062
"SAMdf3e42c8672a",0.0141023008492702,0.0133484846595088,0.0107701921218855,0,0.102327367009169,0.00492824099263743,0,0.00547740123460368,0.0111523898014365,0,0.837893623331489
"SAMd027124354ce",0.015159032269808,0,0.00826549577054079,0,0.237095980650688,0.0102156116159796,0.0135241831081945,0,0.00109766800389115,0,0.714642028580897
"SAMe7bf6c015192",0.036139972613183,0.0188676983018642,0.0287818524980469,0,0.102753287124328,0.0211572007753076,0,0.00719597477041707,0.0300584807951808,0,0.755045533121673
"SAM6dd7ad1d797d",0.0212122253081978,0.0484796927837777,0.0269485342468054,0,0.179236686368732,0.00992855380813414,0,0.00156632765191648,0.0360804666928421,0,0.676547513139595
"SAM18039827e1b9",0.0190470618466856,0,0.0434830031019411,0,0.170681694106794,0.00687906130060676,0,0,0.00443322907447613,0,0.755475950569497
"SAMc692536a795a",0.0367809448411761,0.00844651672944256,0.0475628621053713,0,0.10045894973635,0.0159631687073334,0,0.00116746232032967,0.0261518820980939,0,0.763468213461903
"SAM9a2cf3c06fb3",0.0406319650553071,0.0248582690252964,0.109682158102429,0,0.172159500193192,0.0199729999406157,0.0152684396343276,0.00174415685113209,0.0219198380541334,0,0.593762673143567
"SAM557dde1b9f3e",0.0338527453836446,0.00651339670169199,0.0431731476165631,0,0.0756951881920704,0.0190775485736105,0,0.00339638365680999,0.036663467423649,0,0.78162812245196
"SAM23aa15d4a0b0",0.0279395723411648,0.0028345745009725,0.0391328795880232,0,0.127319463427418,0.010474710481232,0,0,0.0132717179253355,0,0.779027081735854
"SAM468a9e1dc821",0.0158222339288886,0.00242599322611244,0.0149353335362295,0,0.110738219227486,0.00880181655981941,0,0,0.00214112742721331,0,0.845135276094251
"SAM81b71522417a",0.0136418257991099,0,0.00836810375697142,0,0.149234994482894,0.00714492614589237,0.00442348402563489,0,0,0,0.817186665789498
"SAMb963dda93cfd",0.0201159108765135,0.0192488924080454,0.0343903937642227,0,0.0801163473286301,0.0127217563753076,0,0.00228669652527479,0.0207347462433645,0,0.810385256478642
"SAMbcbc7957c264",0.0272530433587168,0,0.0250403621691454,0,0.0792697206035988,0.0086510259006237,0,0,0.00814548215989629,0,0.851640365808019
"SAM7fb6987514a4",0.0547000522738444,0.0208700259772412,0.0443323317774618,0,0.115967915825648,0.0290480448776416,0.0459440161847392,0.031889084861649,0.0652075291857726,0,0.592040999036003
"SAM63405b04ab2d",0.0159876491313758,0.000335870976439211,0.0228751537758115,0,0.211825850785534,0.00720702312232441,0,0.00284094230077953,0.0132126990522748,0,0.725714810855461
"SAM18bc1078bc15",0.0453125769974257,0.00671756334141246,0.0278282301119336,0,0.0999246319313063,0.0110129786055923,0,0.00438074302925798,0.0137907921041262,0,0.791032483878945
"SAMd1bd63734394",0.0136268325110222,0.00557910042535364,0.0184169411116362,0,0.106773800810357,0.00960721197472732,0,0.0023207575937948,0.007113362951083,0,0.836561992622026
"SAMe9ae8beb82fa",0.0359445026936552,0,0.0460639857634304,0,0.148753484957744,0.00792759492591097,0,0,0.00987886062408329,0,0.751431571035176
"SAMba7176afe070",0.0218479777559988,0,0.0306146682961628,0,0.0613825383794982,0.0137462324732211,0,0,0.00383278555474996,0,0.868575797540369
"SAMbe83eae4026e",0.0200905465629855,0.000575323167150352,0.0330970429507461,0,0.184094919753235,0.00549974384603081,0,0.00110981420394045,0.00870687821306754,0,0.746825731302844
"SAMe5bc41772bc9",0.0186932281572154,0.0203052415293591,0.0330460142646515,0,0.0813766502639035,0.0115393171483416,0,0.000121216474207543,0.0104103302173251,0,0.824508001944996
"SAM23095936e611",0.0121290766351245,0,0.0252163288209662,0,0.13792951067181,0.00516979816756775,0,0,0.00839869867623608,0,0.811156587028295
"SAM7114d99032ec",0.00738439414201303,0,0.0220806831450133,0,0.338252130682894,0.00365199493151168,0,0,0.00235123499240174,0,0.626279562106166
"SAMdb3f50c9129c",0.0399587010223159,0,0.0554719988082645,0,0.0597610164413993,0.0270142473917706,0,0,0.00856701961563679,0,0.809227016720613
"SAMbf1a3ae828e6",0.033619713844804,0.00289305032608431,0.0407087146681782,0,0.0981115770206205,0.0180294536092816,0,0.000263257104049233,0.0237197568212732,0,0.782654476605709
"SAM52e3fa3ad574",0.22986710795311,0.0142454757780616,0.0363279679108155,0,0.0816030461134259,0.0445380759436229,0.17186083903306,0.0178241253014655,0.0471694663095468,0,0.356563895656892
"SAMd4c0837b0997",0.026025057835226,0.00532096020382474,0.0173807636916289,0,0.122027785576607,0.0112853370490023,0,0.00130192417627986,0.0105354922380618,0,0.80612267922937
"SAM9cafb905b36a",0.0219940509718932,0.0252700543335869,0.0368087700491754,0,0.17001746606264,0.0205858261854645,0,0.00728272501184858,0.0165587715244324,0,0.701482335860959
"SAM032c642382a7",0.0144569516046095,0.0127606425809766,0.00611440641342586,0,0.366303538097497,0.00334415858296429,0,0.00328149750980786,0.0125624043165145,0,0.581176400894204
"SAM0ce9c983b20f",0.0267648457111685,0.0177606131772832,0.0401271141279256,0,0.074260910591578,0.0169676684064172,0,0.00157104038877693,0.0432975244795837,0,0.779250283117267
"SAM2f228939632f",0.0337705595604141,0.0159799212881288,0.0339423046911438,0,0.067352489125006,0.0198912590628958,0,0.000174701728342192,0.0196128586000886,0,0.809275905943981
"SAM297c0301e861",0.0171382827127707,0.0410727633456143,0.0224961988250168,0,0.189925669420842,0.0114304059997165,0,0.00311821748427005,0.0208789670814176,0,0.693939495130352
"SAM1fa6bcb7fc48",0.0128774201363504,0,0.0204195321067596,0,0.120237128345175,0.00730584038827137,0,0.000919426131136737,0.0126829337368152,0,0.825557719155491
"SAM6d2ae0c39b96",0.0416942432081044,0,0.0411201605884873,0,0.109725105292745,0.0113646738029606,0.00617604289209431,0,0.00229589183010362,0,0.787623882385505
"SAMeff2ce356ccb",0.0147676930901745,0,0.0297808420008421,0,0.0814407633463047,0.00580413050134705,0,0,0.00640262081567666,0,0.861803950245655
"SAM110501d0eedb",0.0234607018372705,0,0.0312120342922255,0,0.20223319457231,0.00862452943826819,0,0,0.0071050518789702,0,0.727364487980956
"SAM2e9ac0b1b250",0.0161446646585937,0.00639728304767893,0.065156483434607,0,0.037212226762275,0.0201050708393388,0,0.00384387551367343,0.0166153787872909,0,0.834525016956542
"SAMc0ef41aa6c8b",0.0232585017824752,0,0.0798682124525804,0,0.129885870352759,0.00653921969147141,0.00873877761773149,0.00167390729287603,0.00292277009981657,0,0.747112740710289
"SAMd636e3461955",0.0212590809141469,0.0528362801107642,0.0741676930389419,0,0.17423115955604,0.0181258958446698,0,0,0.025825922524273,0,0.633553968011164
"SAM30b5c6c54cf7",0.0170097502629569,0.00141197658578712,0.0532920299215325,0,0.0653430195970303,0.0206616712682289,0,0.00186747689508857,0.00197036262328423,0,0.838443712846092
"SAMd98bac0a070f",0.0352754695482928,0.0022989293692044,0.0386084729492984,0,0.0998765939987321,0.0197085688976446,0,0,0.0109732620079003,0,0.793258703228927
"SAM8e8ef2368dfa",0.0297978304650575,0.0119657211093182,0.0362308073503185,0,0.120049257274528,0.0233897023208201,0,0,0.00853430467231233,0,0.770032376807645
"SAMb4c7a001537d",0.0302075063639518,0,0.0339773389651894,0,0.0594894233697958,0.0102348428905638,0,0.00257891213046582,0.0117443779579313,0,0.851767598322102
"SAMfd947610629d",0.0272188632672063,0.0157429833495351,0.0442001635414578,0,0.115479070530217,0.0142666737096235,0,0,0.0154664564701805,0,0.76762578913178
"SAM943df5cf15df",0.0179877637760122,0.00664968531168987,0.0258137623226062,0,0.108670127362815,0.0064984354699327,0,0,0.00781380107904823,0,0.826566424677896
"SAM39eb94fa504d",0.0305765282266801,0.00429991917393916,0.0380405319518252,0,0.0675922367715297,0.0183830732262629,0,0.00186920253238588,0.0130129062219209,0,0.826225601895456
"SAM62fb1388c871",0.0153872313528612,0.00369174946531971,0.0259372795772691,0,0.164553327720974,0.00957588810315138,0,0,0.0110278691354298,0,0.769826654644995
"SAMc0da5d48686d",0.00582146844401797,0,0,0,0.578444803228732,0,0,0,0,0,0.41573372832725
"SAM2dc3f04e45e9",0.0317394941840696,0.0509733812543528,0.0269867946611025,0,0.0855168145623008,0.0195265180271134,0,0.0122409982257609,0.0183467100181633,0,0.754669289067137
"SAM4501e41e4751",0.0315636884551487,0.0129810568666007,0.0333189295380859,0,0.119345544810893,0.0215608554650813,0,0.00473341678151705,0.0181931930354923,0,0.758303315047181
"SAM5b57e47fdcb3",0.0214548755302876,0,0.0297502155268053,0,0.125463734688424,0.0117099875039484,0,0.00248942657168935,0.00920990311980244,0,0.799921857059043
"SAMae4da274eded",0.0394808136944273,0,0.0414580980965959,0,0.168679576355984,0.012451584882386,0,0,0.0240228116844547,0,0.713907115286152
"SAMd35318127278",0.0139508457020957,0,0.0153042171234041,0,0.385001978583892,0.00464994558142902,0.0077477943759646,0.00213969481573922,0.00238617119184394,0,0.568819352625632
"SAM75142fcab9df",0.0354108715092669,0.00888658488497402,0.0473842755609234,0,0.12734177554286,0.0177481583433689,0,0.00863170311020564,0.01884031577247,0,0.735756315275931
"SAM166a419a4e5a",0.0257213531026778,0.0118949970527079,0.0417677647682643,0,0.108122479923,0.0166532039952557,0,0.00469919432927676,0.019516267647449,0,0.771624739181368
"SAM025b45c27e05",0.0205374637315498,0.015083594811489,0.0367708462898191,0,0.121447219056069,0.0160787542578651,0,0,0.0110157713256079,0,0.7790663505276
"SAMe07c4560772d",0.0123115601942116,0,0.0152602611055769,0,0.071415065467444,0.0050787695124451,0,0,0.00471303648197669,0,0.891221307238346
"SAM560f23d6a3ad",0.0549713441274443,0.0551493203939147,0.0411140412571646,0,0.0936297490905538,0.0123038848663872,0,0.0165270984899724,0.0698900715430479,0,0.656414490231515
"SAMf3a9bce50099",0.031054225907307,0.00854547233856123,0.0311383056533969,0,0.138138527903593,0.0118779791511331,0,0.00282025586606975,0.0198956018782173,0,0.756529631301722
"SAMdab9ca8fb5de",0.0238354335721471,0.00169720108670322,0.0383397372831128,0,0.105747886569608,0.0139025849850991,0,0.00140163267645268,0.0102343694970423,0,0.804841154329835
"SAM34430ef08e5b",0.0523231313650393,0.0328606597589251,0.0459460452692037,0,0.145678578132945,0.0389066565874484,0,0.00604186708022336,0.0696848666669647,0,0.60855819513925
"SAM4b0175e8db6e",0.0384950363122157,0.00784220701119461,0.0315505175869441,0,0.15555055244243,0.0213494262650396,0,0.000900653862310882,0.0169944155808908,0,0.727317190938974
"SAM54e58f1b0230",0.0166831260528286,0,0.0141679854020712,0,0.127708362523412,0.00198091523847254,0,0.000270754544200987,0.00297076729323954,0,0.836218088945775
"SAM5e3bae090b8c",0.020997861542923,0,0.0248199858347437,0,0.243793054274216,0.00499123690969644,0,0,0.0100243080892324,0,0.695373553349189
"SAM3cb94b0d5297",0.0220112953001276,0,0.00188014206539302,0,0.61884152982761,0.00533319627149263,0.00702869420048448,0.000956746163239929,0.00127148001964884,0,0.342676916152003
"SAMcb132b0cdd2c",0.101190417597477,0.0138286624457038,0.0197654711399898,0,0.151456648343504,0.0189939507186704,0.0359361532680868,0.00315469293826522,0.0223300750923874,0,0.633343928455916
"SAMe97af0feefdf",0.0181868685367281,0.000500977249901595,0.0274942100661712,0,0.103031358600929,0.00787455728581996,0,0.000734322412303242,0.0121238666035043,0,0.830053839244642
"SAMee3844cc0b9f",0.0302068036797287,0.027775775011993,0.0580623825948105,0,0.0942334745636656,0.0133045811407003,0,0.00450801113006425,0.0212953070691646,0,0.750613664809873
"SAMdad5c29dc105",0.0185647540863983,0,0.0242856767504794,0,0.100191792442884,0.00543210013680249,0,0,0.00818549379003641,0,0.8433401827934
"SAMa424c75831b4",0.0182927539065895,0,0.0372994834877264,0,0.143383142038223,0.00759662228117263,0,0.00455468367441526,0.00727152410184025,0,0.781601790510032
"SAM45c8e6412c66",0.0158501177897429,0.0144116292246312,0.0208388688922391,0,0.0985315667393082,0.00708476301263968,0,0.0100548878884679,0.0123437888080669,0,0.820884377644904
"SAM73663ee4a96e",0.0336185677530267,0.0098925307098211,0.0419480306218477,0,0.0727964737139966,0.013529798174194,0,0.001955709069594,0.0268529363940395,0,0.79940595356348
"SAM0bdb3428bd13",0.0228960784982809,0.00875105529789159,0.0419871739143483,0,0.0794255857492392,0.00953021090671606,0.00130519686849043,0,0.00760159692190125,0,0.828503101843132
"SAM3330c03fdf00",0.212282051726916,0.0161358916579302,0.0503985639433869,0,0.0346920541331007,0.0285267926395422,0.111695482692541,0.0192551309802382,0.0308398450781709,0.0157620672168365,0.480412119931336
"SAM0a7c2091dd56",0.0150939314298655,0.0191229837104171,0.0130381585349623,0,0.0647013755732457,0.00846982119439655,0,0.00101320085312556,0.010973330752282,0,0.867587197951705
"SAM5d1dfd5207f5",0.0202016200560419,0,0.0484242252689614,0,0.0680520476547334,0.00918713351846036,0,0,0.00426276693548417,0,0.849872206566319
"SAM99a46b9eec27",0.0355474158284943,0.00933667296595864,0.0362413271101767,0,0.159768235168785,0.0176222145819974,0.00243094504728869,0.00721993644264002,0.0220036404621475,0,0.709829612392512
"SAM1ac4e3dee297",0.0199539115365376,0,0.0321258374201255,0,0.0716937527149622,0.00695544968272072,0,0,0.00306764196366055,0,0.866203406681994
"SAM553c3c35b847",0.0341850242095293,0.0602620776734619,0.0661006281571477,0,0.194758392155658,0.0114450118429024,0,0.0414142838846551,0.0599349189251856,0,0.53189966315146
"SAMc2a1820d4e6b",0.047086294670759,0.00491924598637454,0.069612545409914,0,0.0818044357473162,0.0310423792981155,0,0.0118482508181489,0.0377190885430304,0,0.715967759526342
"SAMabc151b01ea3",0.0217179283980684,0.0237351958651231,0.0215512752023465,0,0.0756434227278456,0.0246343774641322,0,0,0.00110547582694297,0,0.831612324515541
"SAMe1eb5d988760",0.0333265325891354,0.0107949725675502,0.0573215160266948,0,0.0849574894127443,0.0188393248886343,0,0.00657374842056783,0.0387692605859249,0,0.749417155508748
"SAMe3210d3632b4",0.0163112354897405,0.0291180890377241,0.0349024680636191,0,0.104561499092758,0.0123239616291437,0,0.00266759793667095,0.0181851095163329,0,0.78193003923401
"SAMb15ad09d6e24",0.0356873969978962,0.0280501085019545,0.0412452931362368,0,0.149842352485976,0.015130191529772,0,0.0304673173728991,0.0550573825438837,0,0.644519957431382
"SAM7893196e0e89",0.0191811089107058,0.00509964101330164,0.033600459038149,0,0.0454183212932104,0.0154007897574865,0,0,0.00627155121815835,0,0.875028128768988
"SAM961d04c42bd9",0.0147869232257096,0.00910624294230407,0.0454087746118911,0,0.158084274667969,0.00756845232205508,0,0.00230526053921113,0.0106798162470044,0,0.752060255443856
"SAMb0d11db9aa79",0.0257306387008046,0.0110450800741428,0.0529424287043128,0,0.0764358030900887,0.0123084562648531,0,0.0182392960408116,0.0309892754056996,0,0.772309021719287
"SAM19fec8f3b3bd",0.00844255413374239,0,0.00251195519926549,0,0.509526856826051,0.00570853114332434,0,0,0.00263631001708123,0,0.471173792680535
"SAMa90d73f8d891",0.032208787038376,0.00225812400152738,0.0131055082432342,0.0073073951209353,0.0240354647534099,0.00633241784267404,0.00875181674682313,0.00064054367200268,0.00234619682618611,0.0053939635626928,0.897619782192138
"SAM415f36ad349e",0.0322318040464578,0.0428043411429145,0.0304971134090751,0,0.127031376062503,0.0167901706987437,0,0,0.0257168706126821,0,0.724928324027624
"SAMad83c9c53537",0.0279858028139902,0.00627313203393971,0.0270398640697216,0,0.114285258522351,0.0111210587050795,0,0,0.01091116115288,0,0.802383722702038
"SAM3ee5dcd894f0",0.00849525136344543,0.00224407467453612,0.031787842009574,0,0.129185420052229,0.00552238094319873,0,0.00137025114881166,0.0246974441692204,0,0.796697335638985
"SAM8a1b0e02ee42",0.0137817054653319,0.010373774884952,0.0158980409840573,0,0.174717636555211,0.00629774357846644,0,0,0.00388908259550114,0,0.77504201593648
"SAMd7d57ee3a863",0.0232256926199355,0.0456074167863547,0.0182001562856115,0,0.120921313486606,0.0140587887471626,0,0.0269846218134917,0.0216197652746883,0,0.729382244986149
"SAMeb29625f76a5",0.0151364660162716,0.000811352377657075,0.0201350888402078,0,0.0881325122353595,0.00789667469036174,0,0,0.0101412979538553,0,0.857746607886287
"SAM563d6233dfa2",0.013082655816532,0.0122774516102661,0.00169584687991712,0,0.0819084747159623,0.00935949712719654,0.00901084620364729,0,0.00232215355938078,0,0.870343074087098
"SAMa1871f491b02",0.0146001011069495,0,0.0135175328650262,0,0.190363153376747,0.00826023335960888,0,0,0.00234936426183767,0,0.770909615029831
"SAMd135d5867fe3",0.0215062288797816,0.0388317951289045,0.0734391643648765,0,0.0986647897904637,0.0151349361438371,0,0.000335021681793298,0.0334051256696365,0,0.718682938340707
"SAM065890737112",0.0237550160595506,0,0.0401028532361945,0,0.125126283928875,0.0100349324987541,0,0.00161071755390528,0.0131302135232148,0,0.786239983199506
"SAMb470eb8f04be",0.0335971422814064,9.83261066345246e-05,0.0486053072308695,0,0.0606345340360924,0.0132016057217123,0,0.00164267602849191,0.0212178230176366,0,0.821002585577156
"SAM675a12a09c15",0.019609683889298,0.00191969141969668,0.0340274509893843,0,0.0840634019321025,0.0142548592615888,0.0201316648676016,0,0.00364827974558233,0,0.822344967894746
"SAM1e9c4d1d39ae",0.0394661579271205,0.0213301231375642,0.0530327743708116,0,0.112545883630992,0.01660370667961,0,0.000983140584925787,0.0146176569495639,0.0051434317644233,0.736277124954988
"SAM4b7ea015fd9e",0.016706795101359,0,0.0133027693879565,0,0.0867658181911994,0.00555654718984245,0,0,0.00950399895463176,0,0.868164071175011
"SAM9306c5c92444",0.0193952164436497,0.00530495856601554,0.0265804504036831,0,0.178838327455377,0.00902920766446207,0,0.00216255496704757,0.0104672294363307,0,0.748222055063435
"SAMd86389d0d768",0.026520127961639,0,0.0352140756589026,0,0.109718716697292,0.00759529154603794,0,0,0.00392193066118881,0,0.81702985747494
"SAM63b2189c36d7",0.0283851646199744,0,0.0351028846716288,0,0.114713686577621,0.00999176415002598,0.00503909859694245,0,0.00352967755074571,0,0.803237723833062
"SAM18be5b395318",0.0250708784323737,0,0.0362275752298861,0,0.107280983739686,0.00537922317523238,0,0.00176516860909332,0.0153086279941828,0,0.808967542819546
"SAM0d855cff64e6",0.0148741521054588,0.00407537951652004,0.0085464499101487,0.0192380239587785,0.0665339118961367,0.0107322636509512,0,0,0.00479709264496208,0,0.871202726317044
"SAM6cbc10abddb0",0.0220198141163028,0.0101197148819069,0.0324740413710153,0,0.0600912874027287,0.0096261408724949,0,0.00858506350159939,0.0155236737160587,7.88326183745687e-05,0.841481431519519
"SAMdee1011782cd",0.0475936824383867,0.00373030019890426,0.041718705526675,0,0.231185150301011,0.0124152200843962,0,0.0067837092086863,0.0176499256558468,0,0.638923306586093
"SAM203dcf14f927",0.0419994902028395,0.0262532281668348,0.0390941620604501,0,0.119701506822923,0.0229389193589308,0,0.0199785603155695,0.0317112205492879,0,0.698322912523165
"SAMe41b1e773582",0.0177401323066217,0.00271336503965078,0.0212655600703135,0,0.0568201563305496,0.0088544664343386,0,0.00353428814257423,0.0114094605298467,0,0.877662571146105
"SAM978a587b207e",0.0180374274204336,0.0132155281788125,0.0306854364370712,0,0.141042385153299,0.0132132763061829,0,0.00320079362479646,0.00869098601365091,0,0.771914166865754
"SAM5234688806a7",0.0134846336947142,0,0.0155724602222705,0,0.141204575957919,0.0067386038470867,0,0,0.00524939196050463,0,0.817750334317505
"SAM2c9586161ce6",0.0116477620108965,0,0.0294717522241887,0,0.148990336760182,0.00549714597990366,0,0,0.00630184385080069,0,0.798091159174029
"SAM76a431ba6ce1",0.0315888850869006,0.00924586195143346,0.0437131595716909,0,0.161095959431085,0.0101097553829326,0,0.000933501105545328,0.0144669089593449,0,0.728845968511067
"SAMd3bd67996035",0.0929379935843887,0.0111041850642621,0.0447693847376104,0,0.120173258300903,0.0159158374239184,0.0337550101946661,0.0114720503499645,0.0330100270648139,0,0.636862253279473
"SAMd3601288319e",0.0280560483391969,0.00285168335887152,0.0468284714980978,0,0.137671665138779,0.0162123399193724,0.0256714128482653,0.00848244728708945,0.0259770960373683,0,0.708248835572959
"SAMba1a34b5a060",0.0228300908736713,0.00498568868389428,0.0150258413610353,0,0.209274723085217,0.00839027087379734,0,0.00129639850647907,0.0122507185025687,0,0.725946268113337
"SAM18a4dabbc557",0.0498374040303456,0.00667402243334341,0.039140448727986,0,0.091876207612453,0.00505077585554773,0,0.00444432812596883,0.0105415231499343,0,0.792435290064421
"SAMfed609955db9",0.0156785795725185,0,0.0258121874602301,0,0.162905580223581,0.00726103168957243,0,0,0.0100298477321129,0,0.778312773321985
"SAMf2aae1443f67",0.012870038489708,0,0.0185207778531615,0,0.163774996997037,0.00579644778113807,0.00473535379095106,0,0.00255744712251956,0,0.791744937965485
"SAM2bba8cb35e48",0.0204665419677964,0.00439544078738076,0.036037720075673,0,0.108989884577955,0.00992626441232813,0,0.00427112376957738,0.0112634758087748,0,0.804649548600515
"SAM5c139c5c1c4f",0.0183127848117411,0,0.0367469740786445,0,0.078984981655512,0.00968057600961726,0,0.00410424623218567,0.0116938721021612,0,0.840476565110138
"SAM6780ed436b55",0.0395973909606921,0.0182272712905845,0.0196658450779974,0,0.0496819424154633,0.0175175510905201,0,0.00687156965178315,0.0153068410992183,0,0.833131588413741
"SAM85f0a3ac1c45",0.016545052613945,0,0.0239018606441397,0,0.115963581114804,0.00502867550232002,0,0,0.00755790595598958,0,0.831002924168802
"SAM9d2494119c05",0.0123003653904566,0,0.0687108286527006,0,0.0873139394128554,0.0133338495287457,0,0,0.000847210746202847,0,0.817493806269039
"SAM5d989c86255e",0.0140020006464808,0,0.0192420446659934,0,0.187796068564207,0.00618672229392358,0,0,0.00329082140608262,0,0.769482342423313
"SAM49d48750e294",0.0229792137838379,0.015836414770669,0.040537438823373,0,0.102571764633922,0.0128541612632971,0,0,0.0194579949586752,0,0.785763011766226
"SAM7aa01fc49a80",0.0581266424521459,0.0115005145898437,0.061755250575106,0,0.149826052574154,0.0139383938618903,0,0.00620264536758461,0.0643070795244278,0,0.634343421054848
"SAMa321770ac31c",0.0164194043658397,0,0.0489248505960147,0,0.0542283763556282,0.0192271761833769,0.0215815976646191,0.00309655783939285,0,0,0.836522036995129
"SAM3894ac3956a5",0.0278656133950239,0,0.0347829157462019,0,0.138842481463892,0.00923360176916399,0,0.000963916400591489,0.00813655488531229,0,0.780174916339814
"SAM1c0ecfb3eb63",0.0309055878642912,0.023498668748536,0.031906702650057,0,0.0806113941775601,0.0122461449918692,0,0.00220249179258409,0.0365311260428414,0,0.782097883732261
"SAMbcb07ba81cee",0.0193399692266682,0,0.0226784566663995,0,0.199482779374784,0.00718135327511848,0,0.00298391144894255,0.00830846565682194,0,0.740025064351265
"SAM9aa6a095a9d6",0.0285438065942121,0.00420735787721312,0.0408946379553951,0,0.0738560587350032,0.0129225941086887,0,0.00320191921047025,0.0173613247710276,0,0.81901230074799
"SAM957378bd907f",0.178301012455259,0.0369376966586519,0.0391741752331769,0,0.0926261689927946,0.0267519484309354,0.121517315419141,0.0176045078693008,0.0471411643762055,0,0.439946010564535
"SAMf82bbdc267c8",0.0118383841270776,0,0.0323765697824513,0,0.147462181446652,0.00534055442312402,0,0,0.000587705602749389,0,0.802394604617946
"SAM2624229effe8",0.0280805267413987,0.001993037652712,0.0469737729001969,0,0.104995451390812,0.0187153258436204,0,0.0042285495265939,0.0162315109843844,0,0.778781824960281
"SAMd2492b2a31bb",0.0140397283719412,0.0330747476199146,0.0192050912941688,0,0.167165963746001,0.00586140399806082,0,0.000943700404572538,0.0109471564692226,0,0.748762208096118
"SAM670649e105b5",0.0104627864587518,0.00241073373829127,0.0214756935758223,0,0.267825529292916,0.00570133286044818,0,0.000243556047070703,0.00589402631575697,0,0.685986341710942
"SAM5fe7a81a39dd",0.0227575112015439,0.00224512987293101,0.0436503782934571,0,0.14874540257857,0.0122329213473093,0,0.00816543349173159,0.02374013151029,0,0.738463091704167
"SAM29da928587ad",0.0216961735074291,0.00551271522496292,0.00642234830654222,0,0.208024128642591,0.00741306352572579,0,0.000156267081397472,0.00786741428718601,0,0.742907889424165
"SAM0a0f2bac4b20",0.0218069738153698,0.0122101703084341,0.01974818439631,0,0.150104611676918,0.00468500753288024,0,0.00145410361180514,0.00993061862342689,0,0.780060330034856
"SAM8e469834acc1",0.0300694611886983,0,0.0525098140442944,0,0.0914081658676238,0.0128206225234999,0,0.000286766499812903,0.0135348988311239,0,0.799370271044947
"SAM181b638b8248",0.0383572357888141,0.0289411305395853,0.0349079158385422,0,0.120323434887944,0.0130771794035792,0,0.0140397349118421,0.0329517694407533,0,0.71740159918894
"SAM3b15b4c6311d",0.0126213660528159,0.0143534013092466,0.0121165926887286,0,0.180936849037398,0.00573123206696565,0,0.00502040527921409,0.0102947759972485,0,0.758925377568382
"SAM1c8b086175ca",0.0202422897633605,0.00618332055934492,0.0313410735454041,0,0.146480354093575,0.00790726743565291,0,0.000926699858729711,0.010565042182945,0,0.776353952560988
"SAMeaa477a5384b",0.0325473123654127,0.000490566223567716,0.0478039392346252,0,0.1239677452936,0.0188539450525887,0,0.0129513639667116,0.0148981526702341,0,0.74848697519326
"SAM1dda30f1c5be",0.0280946778893805,0.0130647189573732,0.0438254052456809,0,0.170507024434019,0.009591299456738,0,0,0.0175182056894461,0,0.717398668327362
"SAM9daccafc18db",0.0220806538284512,0.00982886433935723,0.0159616800802049,0,0.111486495769425,0.0134120017917489,0.0162176169764852,0.000817833482404956,0.00546534193222874,0,0.804729511799693
"SAM25510f300d79",0.00983956425848573,0.00510278755663825,0.0123090914046071,0,0.175056867949348,0.00769210564464216,0,0,0,0,0.789999583186279
"SAM187e056d6a2a",0.0157810663705039,0.0036590234470002,0.0176653253969639,0,0.153707589574117,0.00532261351856539,0,0,0.00490480684725382,0,0.798959574845596
"SAMbc8dc3a7b54e",0.014035473901897,0,0.0234180116137414,0,0.0765776012942857,0.0102533236201121,0.00457602735526939,0,0.00357992726528479,0,0.86755963494941
"SAMae02629a97f7",0.0201136952848903,0.00250825186955585,0.0399985676419336,0,0.0417953864317851,0.0141692330562508,0.000714797503319458,0,0.00344785957217304,0,0.877252208640092
"SAM7829a341b9f3",0.0185928755914279,0.000476706411240065,0.0287737477142817,0,0.12398309330658,0.0155704924904141,0,0.00190792646791413,0.0162017376689836,0,0.794493420349159
"SAM0f956e757453",0.0255509484304146,0.00553533697191655,0.0550701858832766,0,0.123693282819098,0.0189962906447036,0,0,0.0117462207610751,0,0.759407734489515
"SAM09c84ec0cf34",0.0155517318508669,0.000894739563506843,0.0165273362591973,0,0.15141816848725,0.00469013038788565,0,0,0.00378631435063841,0,0.807131579100655
"SAMb2e4a082541a",0.229141152335881,0.0300459298835807,0.0334316406928064,0.019911845857702,0.0349445407498277,0.0532611444077168,0.25591511517549,0.0114361263913923,0.0523776086337185,0,0.279534895871885
"SAM771445e92421",0.0336544916614836,0.00932231372088524,0.0450895771866349,0,0.113700039983673,0.0208065674507635,0,0.00648202838102145,0.0496680977682649,0,0.721276883847273
"SAM59fda9035d1d",0.0119060310898634,0.015456548773056,0.019646109767595,0,0.0798453351600373,0.0057883400171426,0.0057341169161686,0,0.0034859180228264,0,0.858137600253311
"SAM6f2a102a99df",0.0553304448820674,0.0364122063479022,0.0319084540575075,0,0.0662833880808169,0.0158411229538355,0,0.00961192591906668,0.0199738707501242,0,0.76463858700868
"SAMe56c96c51190",0.0249147395201232,0.0481297475709438,0.0283310952292938,0,0.1523050543577,0.0199078526506267,0.00916963490649052,0.0146622448902914,0.0307167172340537,0,0.671862913640477
"SAM1ab1b28d9f2b",0.0252105004400083,0,0.0303075627058569,0,0.207713258311297,0.0118828266710367,0,0,0.0034943171611877,0,0.721391534710613
"SAM6662f5181f87",0.0162255785874374,0.0031583980993155,0.0203355061369238,0,0.153013639305348,0.00863339536462262,0,0.000859629424837849,0.00774028375774587,0,0.790033569323769
"SAM18b9351e265a",0.0361336936994653,0.0352226250211943,0.0492406316078145,0,0.0679816683558208,0.0276164466995579,0,0.00440352403830544,0.0392909172931335,0,0.740110493284708
"SAM7fb7a13c096b",0.0620838150177393,0.00823258933222018,0.0264012939079417,0,0.111374186276391,0.0212852034847395,0,0,0.0144401429928232,0,0.756182768988145
"SAM87a8e18eb45b",0.0137424591220048,0,0.0182613324248852,0,0.0875283597430337,0.00758093212180557,0,0,0.00576745643457825,0,0.867119460153693
"SAM9725303dce0c",0.0178024425229512,0.00642860534921242,0.0238966156732724,0,0.13109348375773,0.0117804686438187,0,0,0.0142301581375191,0,0.794768225915496
"SAM6ff654a20f98",0.0281359211174306,0.00915605272848902,0.0413954721743965,0,0.124774911577168,0.0178683149152758,0,0.000866721034877332,0.0187174424125222,0,0.75908516403984
"SAM94859b440b1d",0.0196613608344688,0,0.021947317138063,0,0.0882423215231925,0.0141051461543492,0,0,0.00614071385047251,0,0.849903140499454
"SAMc57eadb2d82b",0.0164191910108931,0,0.0248059443068989,0,0.0809814217781277,0.00691783881083536,0,0,0.0033681192226059,0,0.867507484870639
"SAMaabf4afe4213",0.0204273774144804,0.00117448131117306,0.0163632471602625,0,0.118133381327258,0.00986763798416679,0,0.00121020327276743,0.00523626697547697,0,0.827587404554415
"SAMce39dd79b441",0.0161951705545014,0.0162046724225378,0.0206794264599973,0,0.0430562090941096,0.00787770643175048,0,0.00115281673537456,0.0118998640388182,0,0.882934134262911
"SAM6964a6d7b967",0.0197865448805551,0,0.0119211141748673,0,0.114775434005659,0.011553469879132,0.00406714436551498,0.00107277771539334,0.00128137374985068,0,0.835542141229028
"SAMf20b827dca51",0.0576438120567828,0.0280999244008003,0.0422339381315653,0,0.0949934345943987,0.0267392166177883,0.0235063748371052,0.0272473914815808,0.0500765804644956,0,0.649459327415483
"SAM6792d6e98068",0.0169160315458548,0,0.0273178051581686,0,0.111412502114718,0.00795464690903167,0,0,0.00240540994613641,0,0.833993604326091
"SAM31d9176e11fb",0.0244078406149541,0.0163884695943173,0.0241816049033417,0,0.055825734943103,0.0102429195977561,0,0.00498267173982822,0.0162624162904526,0,0.847708342316247
"SAM5cc2d9036053",0.0351778823708643,0.00742150967409852,0.045376859303035,0,0.116398120389261,0.034533709290689,0,0,0.000731018044760007,0,0.760360900927292
"SAM80c6183220e6",0.0297807972058873,0.0163073075367332,0.0318454465572664,0,0.105084282308702,0.0157582961891363,0,0.00519765392219233,0.0354652353490229,0,0.76056098093106
"SAM572f19794c96",0.00675140631162406,0.00443700794930343,0.0012752938635644,0,0.276810978432776,0.00159372449505518,0,0.00103881485067035,0.00384648852088269,0,0.704246285576123
"SAM1f83ebd6be9b",0.0206443840850151,0,0.0262537580246424,0,0.0617556302599,0.0115806511200254,0,0.000681437191205899,0.00894567164925782,0,0.870138467669953
"SAMe7e4f7c076a7",0.0110418700682227,0.0597101976920953,0.0264396051900794,0,0.15885285773804,0.00527148878674704,0,0.00536210790282672,0.0255514817291613,0,0.707770390892828
"SAMc6eff056c89a",0.0639976635908192,0.00843818767986232,0.0278190097778671,0,0.0453235426221634,0.0175046564386868,0,0.00272217415353701,0.0189215822761403,0,0.815273183460924
"SAM5cfa1699bdb7",0.028769651064867,0.0194916584705979,0.0292432797364861,0,0.0667327307183509,0.0133197642341184,0,0,0.00955528873887138,0,0.832887627036708
"SAMda4d892fddc8",0.0325930095055251,0.0138545320201702,0.0146722919272343,0,0.104321321261505,0.00915148680954262,0,0.00151935972574756,0.0147367626264797,0,0.809151236123795
"SAMe3d4266775a9",0.0123913613335828,0.000391184964121647,0.0234929637770108,0,0.133653340453602,0.010213989585795,0,0.000265083061286555,0.00926640949083886,0,0.810325667333762
